{
  "project_info": {
    "project_number": "451736832011",
    "firebase_url": "https://login-app-82941.firebaseio.com",
    "project_id": "login-app-82941",
    "storage_bucket": "login-app-82941.appspot.com"
  },
  "client": [
    {
      "client_info": {
        "mobilesdk_app_id": "1:451736832011:android:0b2fbdee4fee9f9be65f0e",
        "android_client_info": {
          "package_name": "com.example.loginapp"
        }
      },
      "oauth_client": [
        {
          "client_id": "451736832011-neiuu207jfqfv1rhkkriukgahe350eg4.apps.googleusercontent.com",
          "client_type": 3
        }
      ],
      "api_key": [
        {
          "current_key": "AIzaSyBAWII3VjY0xNFC2Fhb-dWKmAVd1FlBbyc"
        }
      ],
      "services": {
        "appinvite_service": {
          "other_platform_oauth_client": [
            {
              "client_id": "451736832011-neiuu207jfqfv1rhkkriukgahe350eg4.apps.googleusercontent.com",
              "client_type": 3
            }
          ]
        }
      }
    }
  ],
  "configuration_version": "1"
}